Adam,M
Amir,M
Alejandro,M
Bao,M
Benjamin,M
Carlos,M
Cheng,M
Daniel,M
Dimitri,M
Elias,M
Enzo,M
Farid,M
Giovanni,M
Hakim,M
Hiroshi,M
Isaac,M
Jamal,M
Jean-Baptiste,M
Jonas,M
Karim,M
Kenji,M
Kevin,M
Kwame,M
Léo,M
Liam,M
Luca,M
Mamadou,M
Mateo,M
Mehdi,M
Miguel,M
Mohammed,M
Nathan,M
Nikita,M
Noa,M
Omar,M
Pavel,M
Pierre,M
Rafael,M
Raj,M
Rami,M
Santiago,M
Sergeï,M
Souleymane,M
Takumi,M
Tarek,M
Thiago,M
Viktor,M
William,M
Xavier,M
Youssef,M
Aïcha,F
Alina,F
Amara,F
Anastasia,F
Angélica,F
Asha,F
Aya,F
Bella,F
Camila,F
Carmen,F
Chloé,F
Dahlia,F
Daniela,F
Diana,F
Elena,F
Fatima,F
Flora,F
Gabriela,F
Hana,F
Inès,F
Isabella,F
Jade,F
Jamila,F
Kaori,F
Karla,F
Kiara,F
Lara,F
Layla,F
Lila,F
Lina,F
Lucia,F
Malika,F
Maria,F
Maya,F
Mei,F
Mia,F
Milena,F
Naïma,F
Nina,F
Noémie,F
Olivia,F
Priya,F
Rania,F
Sakura,F
Samira,F
Sara,F
Sofia,F
Tatiana,F
Vanessa,F
Yasmine,F
